iter (20261006_185140),psnr
1000,19.764827522008844
2000,20.124276889197493
3000,20.45758252541312
4000,20.57928400730304
5000,20.95343348246053
6000,20.858683010114564
7000,20.658771445277576
8000,20.560544360468615
9000,20.876586047621863
10000,21.634210496069286
11000,21.06595834069567
12000,20.807906896914567
13000,20.90698562260507
14000,20.70665268868399
15000,21.331704599321334
16000,21.178951667493497
17000,21.05562199486703
18000,20.607475948577466
19000,20.94924181517048
20000,21.14900398784419
21000,21.334928938228327
22000,20.986313197713848
23000,21.82873095535737
24000,20.70773064853002
25000,21.709683000105947
26000,21.747773563301795
27000,21.437628732319826
28000,20.333926351514588
29000,21.81691930658607
30000,21.61430545596539
31000,21.396730725310057
32000,20.905357688009953
33000,21.660616392829443
34000,21.11798793863022
35000,22.284562926464666
36000,20.613883685357454
37000,21.870269608898738
38000,21.72115061239866
39000,20.96123540807623
40000,20.74671952888459
41000,21.73471761027871
42000,22.067633135308025
43000,21.274712944771416
44000,21.194612912792806
45000,21.9832246648462
46000,21.76096941505881
47000,21.91151328429622
48000,21.842416733120633
49000,21.861869175893933
50000,21.362486143706867
51000,21.01267150172558
52000,22.150958101190813
53000,21.99242964518527
54000,21.88983594876514
55000,22.11199598751792
56000,21.116693154648654
57000,21.651718106439798
58000,22.38555312432201
59000,22.543830916958914
60000,22.17999768002311
61000,22.208538855168147
62000,22.20102875207304
63000,21.705812957568124
64000,22.459437869803182
65000,22.104134489247716
66000,21.794767748468963
67000,22.38527429576174
68000,22.37191529421036
69000,22.299660277136486
70000,21.162883987805102
71000,22.1419743035955
72000,22.13926258231944
73000,22.7259043157762
74000,22.301975786745473
75000,22.107147171515013
76000,21.883301249500196
77000,21.70410411529372
78000,22.17759965523719
79000,22.76509548101449
80000,22.422324228598548
81000,22.258939109796376
82000,22.510524596186873
83000,22.4420299938314
84000,22.793126918895535
85000,22.24984986712764
86000,23.318288512234215
87000,22.739416625337533
88000,22.92002634916144
89000,22.83638566257191
90000,22.82991520194416
91000,22.908044497524795
92000,22.97781511007972
93000,23.08129812165885
94000,23.612602355325365
95000,22.58310517001058
96000,23.06618922642857
97000,23.172010651794608
98000,22.967416198294632
99000,22.84570734811387
100000,22.67708016515692
101000,22.91835938575145
102000,22.866515784217466
103000,22.598018355314814
104000,22.673480778086855
105000,22.6230406559336
106000,23.066168986281426
107000,23.013238406344843
108000,23.227655614438657
109000,23.337753084619823
110000,23.390933199053336
111000,22.214760421309357
112000,22.848933074718616
113000,23.044304162374186
114000,23.062370593309268
115000,22.37226750868178
116000,23.351868638536626
117000,23.27022912483675
118000,22.55701555948991
119000,22.889442804840733
120000,22.696741762346992
121000,23.049706491180697
122000,23.084344491597008
123000,23.194067932824446
124000,22.572418848590168
125000,22.53276666222038
126000,22.846207904217227
127000,22.845650024089377
128000,23.285175321330914
129000,23.005932455571642
130000,22.941729779630418
131000,22.9593467247979
132000,23.1355761942535
133000,23.304254203408906
134000,23.050056536953225
135000,23.328459478560227
iter (20261007_075103),psnr
136000,23.031655371039417
137000,23.14384483042344
138000,23.177637820475734
139000,23.13971460854544
140000,23.10940121630696
141000,23.281644430923432
142000,23.149387852122583
143000,23.242053170084485
144000,23.153333744729554
145000,23.177364752663827
146000,23.12509565613124
147000,23.106802602305258
148000,23.122060920017905
149000,23.095794191760174
150000,23.098642454335035
