iter,loss,l1,lr,sec_per_iter
50,0.040029,0.040029,2.000e-05,0.3360
100,0.039082,0.039082,2.000e-05,0.2735
150,0.040364,0.040364,1.999e-05,0.2809
200,0.038759,0.038759,1.998e-05,0.2862
250,0.039931,0.039931,1.997e-05,0.2940
300,0.039725,0.039725,1.996e-05,0.3030
350,0.038708,0.038708,1.994e-05,0.3144
400,0.040546,0.040546,1.993e-05,0.3178
450,0.038991,0.038991,1.991e-05,0.3098
500,0.039561,0.039561,1.988e-05,0.3054
550,0.037684,0.037684,1.986e-05,0.3058
600,0.040180,0.040180,1.983e-05,0.3103
650,0.039655,0.039655,1.980e-05,0.3128
700,0.037371,0.037371,1.977e-05,0.3124
750,0.037810,0.037810,1.974e-05,0.3106
800,0.040532,0.040532,1.970e-05,0.3096
850,0.040441,0.040441,1.966e-05,0.3087
900,0.039645,0.039645,1.962e-05,0.3094
950,0.041057,0.041057,1.958e-05,0.3100
1000,0.038982,0.038982,1.954e-05,0.3098
1050,0.037371,0.037371,1.949e-05,0.3097
1100,0.040304,0.040304,1.944e-05,0.3105
1150,0.040228,0.040228,1.939e-05,0.3106
1200,0.039579,0.039579,1.933e-05,0.3104
1250,0.037528,0.037528,1.928e-05,0.3100
1300,0.039633,0.039633,1.922e-05,0.3104
1350,0.036322,0.036322,1.916e-05,0.3099
1400,0.038139,0.038139,1.910e-05,0.3100
1450,0.038010,0.038010,1.903e-05,0.3096
1500,0.039940,0.039940,1.896e-05,0.3100
1550,0.040402,0.040402,1.890e-05,0.3097
1600,0.037477,0.037477,1.882e-05,0.3094
1650,0.040706,0.040706,1.875e-05,0.3091
1700,0.039396,0.039396,1.868e-05,0.3098
1750,0.039974,0.039974,1.860e-05,0.3094
1800,0.040789,0.040789,1.852e-05,0.3094
1850,0.038284,0.038284,1.844e-05,0.3096
1900,0.038435,0.038435,1.836e-05,0.3100
1950,0.041304,0.041304,1.827e-05,0.3101
2000,0.038831,0.038831,1.819e-05,0.3103
2050,0.041903,0.041903,1.810e-05,0.3097
2100,0.037112,0.037112,1.801e-05,0.3099
2150,0.038168,0.038168,1.791e-05,0.3095
2200,0.039375,0.039375,1.782e-05,0.3099
2250,0.037657,0.037657,1.772e-05,0.3099
2300,0.039037,0.039037,1.763e-05,0.3099
2350,0.040777,0.040777,1.753e-05,0.3095
2400,0.038350,0.038350,1.743e-05,0.3095
2450,0.038838,0.038838,1.732e-05,0.3102
2500,0.037270,0.037270,1.722e-05,0.3097
2550,0.039003,0.039003,1.711e-05,0.3098
2600,0.037470,0.037470,1.700e-05,0.3094
2650,0.038598,0.038598,1.689e-05,0.3095
2700,0.038547,0.038547,1.678e-05,0.3099
2750,0.038118,0.038118,1.667e-05,0.3093
2800,0.039017,0.039017,1.656e-05,0.3098
2850,0.038801,0.038801,1.644e-05,0.3093
2900,0.039532,0.039532,1.632e-05,0.3093
2950,0.036721,0.036721,1.620e-05,0.3087
3000,0.038426,0.038426,1.608e-05,0.3089
3050,0.036792,0.036792,1.596e-05,0.3087
3100,0.039697,0.039697,1.584e-05,0.3070
3150,0.038990,0.038990,1.572e-05,0.3083
3200,0.037675,0.037675,1.559e-05,0.3090
3250,0.039861,0.039861,1.546e-05,0.3090
3300,0.038641,0.038641,1.534e-05,0.3088
3350,0.042882,0.042882,1.521e-05,0.3091
3400,0.037916,0.037916,1.508e-05,0.3080
3450,0.038906,0.038906,1.495e-05,0.3079
3500,0.036687,0.036687,1.481e-05,0.3081
3550,0.040146,0.040146,1.468e-05,0.3075
3600,0.037157,0.037157,1.454e-05,0.3076
3650,0.038199,0.038199,1.441e-05,0.3073
3700,0.037063,0.037063,1.427e-05,0.3073
3750,0.039510,0.039510,1.414e-05,0.3071
3800,0.039416,0.039416,1.400e-05,0.3063
3850,0.035733,0.035733,1.386e-05,0.3065
3900,0.038898,0.038898,1.372e-05,0.3063
3950,0.038098,0.038098,1.358e-05,0.3059
4000,0.037183,0.037183,1.344e-05,0.3060
4050,0.040222,0.040222,1.329e-05,0.3055
4100,0.036905,0.036905,1.315e-05,0.3052
4150,0.038826,0.038826,1.301e-05,0.3058
4200,0.036558,0.036558,1.286e-05,0.3054
4250,0.036993,0.036993,1.272e-05,0.3050
4300,0.040479,0.040479,1.257e-05,0.3063
4350,0.038770,0.038770,1.243e-05,0.3066
4400,0.038942,0.038942,1.228e-05,0.3072
4450,0.038558,0.038558,1.213e-05,0.3070
4500,0.037925,0.037925,1.199e-05,0.3065
4550,0.037499,0.037499,1.184e-05,0.3080
4600,0.037036,0.037036,1.169e-05,0.3074
4650,0.038289,0.038289,1.154e-05,0.3059
4700,0.037603,0.037603,1.139e-05,0.3062
4750,0.036115,0.036115,1.125e-05,0.3051
4800,0.039797,0.039797,1.110e-05,0.3057
4850,0.038222,0.038222,1.095e-05,0.3054
4900,0.037751,0.037751,1.080e-05,0.3055
4950,0.036865,0.036865,1.065e-05,0.3050
5000,0.038418,0.038418,1.050e-05,0.3050
5050,0.036341,0.036341,1.035e-05,0.3058
5100,0.039466,0.039466,1.020e-05,0.3068
5150,0.039547,0.039547,1.005e-05,0.3071
5200,0.038857,0.038857,9.903e-06,0.3072
5250,0.037004,0.037004,9.755e-06,0.3080
5300,0.040074,0.040074,9.606e-06,0.3087
5350,0.035395,0.035395,9.458e-06,0.3063
5400,0.037702,0.037702,9.309e-06,0.3047
5450,0.038397,0.038397,9.161e-06,0.3044
5500,0.035457,0.035457,9.014e-06,0.3052
5550,0.038331,0.038331,8.867e-06,0.3048
5600,0.038266,0.038266,8.720e-06,0.3050
5650,0.037104,0.037104,8.574e-06,0.3052
5700,0.036394,0.036394,8.428e-06,0.3047
5750,0.034670,0.034670,8.282e-06,0.3051
5800,0.037414,0.037414,8.137e-06,0.3054
5850,0.037591,0.037591,7.993e-06,0.3051
5900,0.039195,0.039195,7.850e-06,0.3055
5950,0.036472,0.036472,7.707e-06,0.3054
6000,0.037673,0.037673,7.564e-06,0.3053
6050,0.038875,0.038875,7.423e-06,0.3053
6100,0.037603,0.037603,7.282e-06,0.3067
6150,0.036263,0.036263,7.142e-06,0.3060
6200,0.038916,0.038916,7.003e-06,0.3061
6250,0.039140,0.039140,6.865e-06,0.3061
6300,0.036852,0.036852,6.727e-06,0.3054
6350,0.037291,0.037291,6.591e-06,0.3063
6400,0.037178,0.037178,6.455e-06,0.3064
6450,0.038457,0.038457,6.321e-06,0.3058
6500,0.038010,0.038010,6.187e-06,0.3064
6550,0.034285,0.034285,6.055e-06,0.3062
6600,0.037264,0.037264,5.923e-06,0.3072
6650,0.038656,0.038656,5.793e-06,0.3064
6700,0.041205,0.041205,5.664e-06,0.3063
6750,0.035871,0.035871,5.536e-06,0.3064
6800,0.039171,0.039171,5.410e-06,0.3065
6850,0.038236,0.038236,5.284e-06,0.3088
6900,0.036474,0.036474,5.160e-06,0.3082
6950,0.036502,0.036502,5.037e-06,0.3067
7000,0.037952,0.037952,4.916e-06,0.3055
7050,0.038863,0.038863,4.796e-06,0.3064
7100,0.041345,0.041345,4.677e-06,0.3068
7150,0.035680,0.035680,4.560e-06,0.3069
7200,0.039730,0.039730,4.444e-06,0.3083
7250,0.036294,0.036294,4.330e-06,0.3077
7300,0.039063,0.039063,4.218e-06,0.3082
7350,0.037103,0.037103,4.106e-06,0.3089
7400,0.039348,0.039348,3.997e-06,0.3093
7450,0.036754,0.036754,3.889e-06,0.3091
7500,0.036983,0.036983,3.782e-06,0.3091
7550,0.039588,0.039588,3.678e-06,0.3097
7600,0.037287,0.037287,3.575e-06,0.3092
7650,0.038573,0.038573,3.474e-06,0.3096
7700,0.036686,0.036686,3.374e-06,0.3099
7750,0.037752,0.037752,3.276e-06,0.3102
7800,0.038218,0.038218,3.180e-06,0.3093
7850,0.038449,0.038449,3.086e-06,0.3093
7900,0.036781,0.036781,2.994e-06,0.3098
7950,0.038496,0.038496,2.903e-06,0.3091
8000,0.036902,0.036902,2.814e-06,0.3095
8050,0.035830,0.035830,2.728e-06,0.3092
8100,0.037758,0.037758,2.643e-06,0.3092
8150,0.037417,0.037417,2.560e-06,0.3095
8200,0.035822,0.035822,2.479e-06,0.3094
8250,0.038286,0.038286,2.400e-06,0.3089
8300,0.037790,0.037790,2.323e-06,0.3094
8350,0.036474,0.036474,2.248e-06,0.3093
8400,0.037554,0.037554,2.175e-06,0.3094
8450,0.037432,0.037432,2.104e-06,0.3085
8500,0.040686,0.040686,2.035e-06,0.3079
8550,0.039331,0.039331,1.969e-06,0.3091
8600,0.036947,0.036947,1.904e-06,0.3093
8650,0.036085,0.036085,1.842e-06,0.3089
8700,0.040428,0.040428,1.781e-06,0.3096
8750,0.039761,0.039761,1.723e-06,0.3098
8800,0.038702,0.038702,1.667e-06,0.3089
8850,0.036462,0.036462,1.613e-06,0.3093
8900,0.037648,0.037648,1.562e-06,0.3083
8950,0.036082,0.036082,1.512e-06,0.3095
9000,0.037402,0.037402,1.465e-06,0.3092
9050,0.036504,0.036504,1.420e-06,0.3095
9100,0.038555,0.038555,1.377e-06,0.3090
9150,0.035635,0.035635,1.337e-06,0.3085
9200,0.037452,0.037452,1.298e-06,0.3084
9250,0.038604,0.038604,1.262e-06,0.3081
9300,0.036960,0.036960,1.229e-06,0.3078
9350,0.038221,0.038221,1.197e-06,0.3071
9400,0.035825,0.035825,1.168e-06,0.3073
9450,0.035813,0.035813,1.141e-06,0.3073
9500,0.036566,0.036566,1.117e-06,0.3079
9550,0.038077,0.038077,1.095e-06,0.3080
9600,0.036643,0.036643,1.075e-06,0.3088
9650,0.037297,0.037297,1.057e-06,0.3086
9700,0.036823,0.036823,1.042e-06,0.3084
9750,0.035926,0.035926,1.029e-06,0.3086
9800,0.039387,0.039387,1.019e-06,0.3086
9850,0.036463,0.036463,1.011e-06,0.3088
9900,0.036512,0.036512,1.005e-06,0.3088
9950,0.034974,0.034974,1.001e-06,0.3089
10000,0.035268,0.035268,1.000e-06,0.3097
