image,psnr,ssim,lpips
1,27.801726302292487,0.9185876250267029,0.0553770437836647
111,28.921720245875786,0.9276717305183411,0.06493502855300903
146,27.121032422114677,0.9047384858131409,0.06884125620126724
179,24.41501046888936,0.8616434931755066,0.07795722782611847
22,29.841078479131404,0.9070344567298889,0.08693741261959076
23,28.177631485159793,0.8696982264518738,0.14201036095619202
493,21.909123212587996,0.705348551273346,0.13741597533226013
547,27.0842057888752,0.89784836769104,0.08385858684778214
55,25.647170054621302,0.8974884152412415,0.09460434317588806
665,28.434015390968447,0.8358654975891113,0.1526331901550293
669,28.482657920979012,0.9105968475341797,0.09436853229999542
748,30.40450817196884,0.9171064496040344,0.07171031087636948
778,25.12795014620105,0.8180096745491028,0.12022045999765396
780,28.094772529117282,0.8183969855308533,0.07452239096164703
79,32.14333364115311,0.9312718510627747,0.05894910916686058
