image,niqe
01,3.3670211576891873
02,2.385426442215829
03,2.6983471134262587
04,2.522177161023756
05,3.8209603972639226
06,3.548310202766615
07,3.545440074541443
08,3.021634637674444
09,1.8718392631861407
10,2.8337053878129566
11,2.5552075659653184
12,2.8705089419793053
13,3.1180794335606317
14,2.9488331768461826
15,2.6452527901660656
16,3.2471569332511665
17,3.4732914878779013
18,2.7050674839153843
19,3.4454788124381435
20,2.738314957218514
21,3.228373117604632
22,2.8829973131305104
23,2.9715089485949293
24,3.3360158054795455
25,2.590892894955041
26,4.118436368941874
27,3.241439253458546
28,3.2356181306916665
29,3.379021596540639
30,4.581774213439137
31,4.107531897008229
32,2.913552652082444
33,3.353604318346925
34,2.262234668999428
35,3.1625284692490694
36,4.307102685042923
37,2.839838823138326
38,2.8279360209874547
39,2.685009639976177
40,2.6607998899526484
41,5.366571292542309
42,2.866127845856975
43,3.043245338258241
44,3.969470224132745
45,4.128519518387573
46,4.731141727812105
47,4.502764878530744
48,4.596278356700134
49,4.434509603263941
50,4.634267627711796
51,3.884159425246054
52,4.605167264055768
53,5.313938419270123
54,6.049451666839403
55,5.962201708344474
56,2.8241367982850396
57,3.9038161532163373
58,3.8632770581357034
59,3.1231807604380517
60,3.996120017630599
61,2.0325416573981134
62,6.152040146447845
63,5.729888160190035
64,4.227622955256905
65,2.578790524429763
66,5.713619992597443
67,4.442687770771164
68,9.889716891748906
69,3.9320136684658524
