method,dataset,dark_frac,n_images,dark_psnr,dark_ssim
FT-A control (L1),LOLv1,0.3,15,24.8947,0.7769
FT-B SNR-L1 (mine),LOLv1,0.3,15,24.9097,0.7771
FT-C L1+FFT,LOLv1,0.3,15,24.8904,0.7769
FT-D SNR-L1+FFT,LOLv1,0.3,15,24.9060,0.7770
GSAD,LOLv1,0.3,15,24.1457,0.7897
LLFormer,LOLv1,0.3,15,24.2630,0.7484
Retinexformer,LOLv1,0.3,15,25.3051,0.7791
Retinexformer (my training),LOLv1,0.3,15,23.9635,0.7610
SCI,LOLv1,0.3,15,16.1294,0.4024
SNR-Aware (released),LOLv1,0.3,15,24.9565,0.7788
Zero-DCE,LOLv1,0.3,15,17.4155,0.4336
