method,person,bicycle,car,motorcycle,bus,boat,cat,dog,bottle,cup,chair,dining table
raw,0.7816,0.7671,0.7422,0.7391,0.8565,0.4847,0.636,0.7998,0.6897,0.6029,0.5563,0.2926
zerodce,0.7021,0.6322,0.6396,0.5929,0.8142,0.5134,0.5116,0.652,0.6031,0.5193,0.454,0.2239
sci,0.7222,0.6309,0.6622,0.6326,0.7876,0.5366,0.5673,0.7056,0.6151,0.5405,0.4828,0.2542
retinexformer,0.7474,0.6623,0.6812,0.6302,0.8079,0.5235,0.553,0.7411,0.6357,0.5367,0.4764,0.2395
raw_200,0.7631,0.8422,0.8089,0.7647,0.8629,0.639,0.7554,0.7872,0.8284,0.522,0.5539,0.3526
zerodce_200,0.7302,0.67,0.7227,0.6347,0.8334,0.6222,0.5237,0.6324,0.7514,0.372,0.4527,0.2851
sci_200,0.7322,0.7442,0.7106,0.6904,0.755,0.6451,0.6006,0.5752,0.7995,0.4083,0.5184,0.3264
retinexformer_200,0.7372,0.7754,0.7526,0.6405,0.8276,0.6579,0.4029,0.7089,0.8229,0.4566,0.4723,0.277
gsad_200,0.7191,0.759,0.7417,0.6798,0.8348,0.6867,0.5467,0.5997,0.7763,0.4466,0.502,0.3025
