method,dataset,n_images,psnr,ssim,lpips,niqe
CLAHE,DICM,69,,,,3.7918
Gamma,DICM,69,,,,3.9002
HE,DICM,69,,,,3.7998
Input,DICM,69,,,,4.2726
Retinexformer,DICM,69,,,,3.4209
Retinexformer (my training),DICM,69,,,,3.5911
SCI,DICM,69,,,,4.1393
Zero-DCE,DICM,69,,,,3.7424
CLAHE,LIME,10,,,,3.9116
Gamma,LIME,10,,,,3.9064
HE,LIME,10,,,,3.8778
Input,LIME,10,,,,4.3505
Retinexformer,LIME,10,,,,4.0742
SCI,LIME,10,,,,4.2015
Zero-DCE,LIME,10,,,,3.7712
CLAHE,LOLv1,15,9.1323,0.3565,0.5029,
Gamma,LOLv1,15,14.5301,0.6196,0.3506,
HE,LOLv1,15,14.2553,0.4247,0.6023,
Input,LOLv1,15,7.7733,0.1914,0.5596,
LLFormer,LOLv1,15,23.6491,0.8163,0.1692,
Retinexformer,LOLv1,15,25.1532,0.8434,0.1314,
Retinexformer (my training),LOLv1,15,23.0969,0.8278,0.1432,
Retinexformer (my training; best-on-test ckpt),LOLv1,15,23.6108,0.8270,0.1442,
SCI,LOLv1,15,14.8538,0.5274,0.3389,
SNR-Aware (released),LOLv1,15,24.6085,0.8401,0.1511,
Zero-DCE,LOLv1,15,14.8607,0.5624,0.3352,
CLAHE,LOLv2-real,100,11.5367,0.4198,0.4243,
Gamma,LOLv2-real,100,18.6998,0.6595,0.3178,
HE,LOLv2-real,100,13.4811,0.4349,0.5510,
Input,LOLv2-real,100,9.7182,0.1960,0.5195,
LLFormer [INVALID: test overlaps LOLv1 train],LOLv2-real,100,27.7492,0.8602,0.1428,
Retinexformer,LOLv2-real,100,22.7940,0.8386,0.1707,
SCI,LOLv2-real,100,17.3619,0.5423,0.3073,
SNR-Aware (released),LOLv2-real,100,21.4789,0.8478,0.1568,
Zero-DCE,LOLv2-real,100,18.0588,0.5795,0.3126,
CLAHE,LOLv2-syn,100,12.4534,0.5560,0.3604,
Gamma,LOLv2-syn,100,18.1080,0.8270,0.1830,
HE,LOLv2-syn,100,15.6329,0.7277,0.3096,
Input,LOLv2-syn,100,11.2209,0.4500,0.3793,
LLFormer (LOLv1 weights - cross-dataset),LOLv2-syn,100,17.1633,0.7842,0.2437,
Retinexformer,LOLv2-syn,100,25.6693,0.9282,0.0592,
SCI,LOLv2-syn,100,15.4290,0.7465,0.2329,
SNR-Aware (released),LOLv2-syn,100,24.1379,0.9270,0.0558,
Zero-DCE,LOLv2-syn,100,17.7564,0.8140,0.1681,
CLAHE,MEF,17,,,,3.6049
Gamma,MEF,17,,,,3.3834
HE,MEF,17,,,,3.9306
Input,MEF,17,,,,4.2659
Retinexformer,MEF,17,,,,3.4382
Retinexformer (my training),MEF,17,,,,3.5123
SCI,MEF,17,,,,3.6378
Zero-DCE,MEF,17,,,,3.2831
