iter,l_pix,val_psnr
500,0.13592,
1000,0.14911,19.7648
1500,0.13917,
2000,0.13797,20.1243
2500,0.086945,
3000,0.10348,20.4576
3500,0.098057,
4000,0.075494,20.5793
4500,0.085597,
5000,0.079025,20.9534
5500,0.086058,
6000,0.068813,20.8587
6500,0.10218,
7000,0.11349,20.6588
7500,0.11003,
8000,0.10911,20.5605
8500,0.082646,
9000,0.077947,20.8766
9500,0.11853,
10000,0.11691,21.6342
10500,0.088473,
11000,0.089534,21.066
11500,0.056067,
12000,0.081659,20.8079
12500,0.1095,
13000,0.074973,20.907
13500,0.0543,
14000,0.10304,20.7067
14500,0.13946,
15000,0.10541,21.3317
15500,0.12488,
16000,0.068246,21.179
16500,0.093965,
17000,0.1015,21.0556
17500,0.062132,
18000,0.093734,20.6075
18500,0.054946,
19000,0.063138,20.9492
19500,0.076601,
20000,0.14975,21.149
20500,0.078375,
21000,0.085639,21.3349
21500,0.080669,
22000,0.084847,20.9863
22500,0.11201,
23000,0.089052,21.8287
23500,0.096309,
24000,0.077011,20.7077
24500,0.072558,
25000,0.057494,21.7097
25500,0.058899,
26000,0.079103,21.7478
26500,0.090072,
27000,0.061573,21.4376
27500,0.076785,
28000,0.098057,20.3339
28500,0.1162,
29000,0.065403,21.8169
29500,0.078238,
30000,0.054186,21.6143
30500,0.096887,
31000,0.059513,21.3967
31500,0.066372,
32000,0.046495,20.9054
32500,0.040773,
33000,0.07068,21.6606
33500,0.056114,
34000,0.094523,21.118
34500,0.063536,
35000,0.065304,22.2846
35500,0.055135,
36000,0.08495,20.6139
36500,0.069035,
37000,0.067986,21.8703
37500,0.056808,
38000,0.078638,21.7212
38500,0.062981,
39000,0.10297,20.9612
39500,0.066595,
40000,0.065082,20.7467
40500,0.058545,
41000,0.068228,21.7347
41500,0.058554,
42000,0.060813,22.0676
42500,0.081409,
43000,0.097935,21.2747
43500,0.103,
44000,0.079211,21.1946
44500,0.087002,
45000,0.09372,21.9832
45500,0.069308,
46000,0.073416,21.761
46500,0.052521,
47000,0.077941,21.9115
47500,0.05295,
48000,0.050821,21.8424
48500,0.072502,
49000,0.049892,21.8619
49500,0.057148,
50000,0.067205,21.3625
50500,0.11471,
51000,0.071674,21.0127
51500,0.084717,
52000,0.044718,22.151
52500,0.052904,
53000,0.077252,21.9924
53500,0.075057,
54000,0.098176,21.8898
54500,0.087574,
55000,0.05083,22.112
55500,0.054843,
56000,0.079027,21.1167
56500,0.091128,
57000,0.061161,21.6517
57500,0.047184,
58000,0.058268,22.3856
58500,0.059181,
59000,0.058678,22.5438
59500,0.099211,
60000,0.10196,22.18
60500,0.058259,
61000,0.058829,22.2085
61500,0.10321,
62000,0.055539,22.201
62500,0.052328,
63000,0.053459,21.7058
63500,0.058722,
64000,0.05822,22.4594
64500,0.041468,
65000,0.092818,22.1041
65500,0.06755,
66000,0.054958,21.7948
66500,0.06185,
67000,0.070946,22.3853
67500,0.076575,
68000,0.06046,22.3719
68500,0.084189,
69000,0.071603,22.2997
69500,0.067209,
70000,0.070923,21.1629
70500,0.055928,
71000,0.043724,22.142
71500,0.042602,
72000,0.047997,22.1393
72500,0.051122,
73000,0.10096,22.7259
73500,0.05266,
74000,0.052713,22.302
74500,0.045506,
75000,0.053943,22.1071
75500,0.08599,
76000,0.0878,21.8833
76500,0.098114,
77000,0.04156,21.7041
77500,0.10064,
78000,0.053736,22.1776
78500,0.061618,
79000,0.055216,22.7651
79500,0.075293,
80000,0.045485,22.4223
80500,0.059948,
81000,0.066207,22.2589
81500,0.073488,
82000,0.078934,22.5105
82500,0.069425,
83000,0.043005,22.442
83500,0.046733,
84000,0.086375,22.7931
84500,0.04446,
85000,0.055017,22.2498
85500,0.068688,
86000,0.040983,23.3183
86500,0.044539,
87000,0.087938,22.7394
87500,0.046956,
88000,0.076092,22.92
88500,0.046933,
89000,0.035791,22.8364
89500,0.052268,
90000,0.050983,22.8299
90500,0.072724,
91000,0.081613,22.908
91500,0.052718,
92000,0.044297,22.9778
92500,0.043645,
93000,0.065414,23.0813
93500,0.062162,
94000,0.058821,23.6126
94500,0.049331,
95000,0.05848,22.5831
95500,0.051533,
96000,0.050816,23.0662
96500,0.054254,
97000,0.067081,23.172
97500,0.059378,
98000,0.047648,22.9674
98500,0.077235,
99000,0.048315,22.8457
99500,0.062427,
100000,0.051276,22.6771
100500,0.039278,
101000,0.064536,22.9184
101500,0.077796,
102000,0.053548,22.8665
102500,0.046149,
103000,0.090883,22.598
103500,0.066479,
104000,0.043453,22.6735
104500,0.027782,
105000,0.059535,22.623
105500,0.056303,
106000,0.089292,23.0662
106500,0.050728,
107000,0.063798,23.0132
107500,0.067726,
108000,0.062667,23.2277
108500,0.030268,
109000,0.053143,23.3378
109500,0.085294,
110000,0.10632,23.3909
110500,0.038773,
111000,0.050656,22.2148
111500,0.045978,
112000,0.073721,22.8489
112500,0.041647,
113000,0.043859,23.0443
113500,0.077033,
114000,0.066102,23.0624
114500,0.04019,
115000,0.068935,22.3723
115500,0.040385,
116000,0.065762,23.3519
116500,0.043573,
117000,0.04886,23.2702
117500,0.035838,
118000,0.028262,22.557
118500,0.065002,
119000,0.040087,22.8894
119500,0.056532,
120000,0.055846,22.6967
120500,0.0458,
121000,0.080803,23.0497
121500,0.065154,
122000,0.042032,23.0843
122500,0.040265,
123000,0.042217,23.1941
123500,0.037534,
124000,0.03365,22.5724
124500,0.043114,
125000,0.071572,22.5328
125500,0.073234,
126000,0.021084,22.8462
126500,0.046361,
127000,0.038319,22.8457
127500,0.061214,
128000,0.052338,23.2852
128500,0.041484,
129000,0.033001,23.0059
129500,0.057438,
130000,0.02849,22.9417
130500,0.08784,
131000,0.051602,22.9593
131500,0.025908,
132000,0.033146,23.1356
132500,0.065996,
133000,0.072005,23.3043
133500,0.0964,
134000,0.057413,23.0501
134500,0.035381,
135000,0.080901,23.3285
135500,0.07044,
136000,0.054019,23.0317
136500,0.026324,
137000,0.059181,23.1438
137500,0.031253,
138000,0.061247,23.1776
138500,0.027818,
139000,0.058925,23.1397
139500,0.054321,
140000,0.065595,23.1094
140500,0.099091,
141000,0.062241,23.2816
141500,0.032731,
142000,0.067827,23.1494
142500,0.039643,
143000,0.032116,23.2421
143500,0.026864,
144000,0.050223,23.1533
144500,0.067669,
145000,0.033794,23.1774
145500,0.083002,
146000,0.04341,23.1251
146500,0.056217,
147000,0.050812,23.1068
147500,0.02557,
148000,0.034867,23.1221
148500,0.034539,
149000,0.040356,23.0958
149500,0.040114,
150000,0.035549,23.0969
